NodeID	NodeType	Title	Sequence	IsUserClause	IsSpecialClause	Content
DEI-0000	HeaderNode		0	0	1	
DEI-0002	Clause	WORKFORCE DIVERSITY OBLIGATIONS	0	0	1	
DEI-0004	Clause	SUBCONTRACTING INCLUSION REQUIREMENT	0	0	1	
DEI-0006	Clause	DEI REPORTING REQUIREMENTS	0	0	1	
DEI-0008	Clause	DEI AUDIT RIGHTS	0	0	1	
DEI-0010	Clause	CORRECTIVE ACTION	0	0	1	
DEI-0012	Clause	REMEDIES FOR NONCOMPLIANCE	0	0	1	
DEI-0014	Clause	NONDISCRIMINATION IN PERFORMANCE	0	0	1	
DEL-0016	Clause	ACCESSIBILITY REQUIREMENTS	0	0	1	
HAZ-0000	HeaderNode		0	0	1	
HAZ-0002	Clause	HAZARDOUS MATERIALS IDENTIFICATION	0	0	1	
HAZ-0004	Clause	SAFETY DATA SHEETS (SDS)	0	0	1	
HAZ-0006	Clause	"Packaging, Marking, and Labeling"	0	0	1	
HAZ-0008	Clause	TRANSPORTATION AND SHIPPING REQUIREMENTS	0	0	1	
HAZ-0010	Clause	"Handling, Storage, and OnSite Controls"	0	0	1	
HAZ-0012	Clause	SPILL RESPONSE AND INCIDENT REPORTING	0	0	1	
HAZ-0014	Clause	DISPOSAL AND WASTE MANAGEMENT	0	0	1	
HAZ-0016	Clause	TRAINING AND COMPETENCY	0	0	1	
HAZ-0018	Clause	CHANGES IN MATERIAL COMPOSITION OR CLASSIFICATION	0	0	1	
HAZ-0020	Clause	AGENCY RIGHT TO INSPECT	0	0	1	
HAZ-0022	Clause	INDEMNIFICATION FOR HAZARDOUS MATERIALS	0	0	1	
NL-0163	HeaderNode		0	0	0	
NL-0164	Clause	PARTIES	0	0	0	
NL-0165	Clause	CONTRACT ADMINISTRATION	0	0	0	
NL-0166	Clause	MODIFICATIONS	0	0	0	
NL-0167	Clause	TERMINATION	0	0	0	
NL-0168	Clause	ATTACHMENTS	0	0	0	
NL-0169	Clause	SIGNATURES	0	0	0	
NL-0170	Clause	PURPOSE	0	0	0	
NL-0171	Clause	TERM OF CONTRACT	0	0	0	
NL-0172	Clause	CONTRACT LINE ITEMS (CLINs)	0	0	0	
NL-0173	Clause	SPECIFICATIONS	0	0	0	
NL-0174	Clause	ORDERING AND DELIVERY	0	0	0	
NL-0175	Clause	BATTERY RECYCLING PROGRAM	0	0	0	
NL-0176	Clause	CONTRACTOR QUALIFICATIONS	0	0	0	
NL-0177	Clause	PERFORMANCE STANDARDS	0	0	0	
NL-0116	HeaderNode		0	0	0	
NL-0117	Clause	REQUESTING AGENCY INFORMATION	0	0	0	
NL-0118	Clause	ATTACHMENTS	0	0	0	
NL-0119	Clause	APPROVALS	0	0	0	
NL-0120	Clause	REQUISITION PURPOSE	0	0	0	
NL-0121	Clause	JUSTIFICATION / NEED STATEMENT	0	0	0	
NL-0122	Clause	DESCRIPTION OF REQUIRED ITEMS	0	0	0	
NL-0123	Clause	ESTIMATED QUANTITIES	0	0	0	
NL-0124	Clause	FUNDING INFORMATION	0	0	0	
NL-0125	Clause	PROCUREMENT METHOD REQUESTED	0	0	0	
NL-0126	Clause	DELIVERY REQUIREMENTS	0	0	0	
NL-0127	Clause	SPECIAL REQUIREMENTS	0	0	0	
NL-0139	HeaderNode		0	0	0	
NL-0140	Clause	PURPOSE	0	0	0	
NL-0141	Clause	BACKGROUND	0	0	0	
NL-0142	Clause	SCOPE OF WORK	0	0	0	
NL-0145	Clause	CONTRACT TYPE	0	0	0	
NL-0146	Clause	MANDATORY VENDOR QUALIFICATIONS	0	0	0	
NL-0147	Clause	PRICING STRUCTURE	0	0	0	
NL-0148	Clause	PRICING STRUCTURE	0	0	0	
NL-0149	Clause	EVALUATION CRITERIA	0	0	0	
NL-0150	Clause	ATTACHMENTS	0	0	0	
NL-0025	HeaderNode		0	0	0	
NL-0026	Clause	PURCHASE ORDER INFORMATION	0	0	0	
NL-0027	Clause	ITEMS ORDERED	0	0	0	
NL-0028	Clause	DELIVERY	0	0	0	
NL-0029	Clause	PAYMENT	0	0	0	
NL-0030	Clause	ACCEPTANCE	0	0	0	
NL-0031	Clause	SIGNATURES	0	0	0	
NL-0001	HeaderNode		0	0	0	
NL-0002	Clause	REQUESTING AGENCY INFORMATION	0	0	0	
NL-0003	Clause	PURPOSE	0	0	0	
NL-0004	Clause	DESCRIPTION OF ITEMS	0	0	0	
NL-0005	Clause	ESTIMATED COST	0	0	0	
NL-0006	Clause	PROCUREMENT METHOD	0	0	0	
NL-0007	Clause	APPROVALS	0	0	0	
NL-0014	HeaderNode		0	0	0	
NL-0015	Clause	RFQ INFORMATION	0	0	0	
NL-0016	Clause	ITEMS REQUESTED	0	0	0	
NL-0017	Clause	DELIVERY REQUIREMENTS	0	0	0	
NL-0018	Clause	QUOTE SUBMISSION	0	0	0	
NL-0019	Clause	BASIS OF AWARD	0	0	0	
NL-0094	HeaderNode		0	0	0	
NL-0095	Clause	CONTRACT FORMATION	0	0	0	
NL-0096	Clause	ADDITIONAL PROVISIONS	0	0	0	
NL-0097	Clause	CONTRACT ITEMS AND PRICING	0	0	0	
NL-0098	Clause	DELIVERY REQUIREMENTS	0	0	0	
NL-0099	Clause	SUPPLIER OBLIGATIONS	0	0	0	
NL-0102	Clause	PAYMENT	0	0	0	
NL-0103	Clause	LIABILITY	0	0	0	
NL-0104	Clause	TERMINATION	0	0	0	
NL-0038	HeaderNode		0	0	0	
NL-0039	Clause	TECHNICAL SPECIFICATIONS	0	0	0	
NL-0040	Clause	"DELIVERY, MILESTONES, AND TIMELINES"	0	0	0	
NL-0041	Clause	REQUISITION OVERVIEW	0	0	0	
NL-0042	Clause	VENDOR QUALIFICATIONS	0	0	0	
NL-0043	Clause	CONTRACTUAL TERMS AND CONDITIONS	0	0	0	
NL-0044	Clause	ATTACHMENTS AND SUPPORTING DOCUMENTS	0	0	0	
NL-0045	Clause	APPROVALS	0	0	0	
NL-0046	Clause	REQUISITION OVERVIEW	0	0	0	
NL-0047	Clause	BUDGET AND FUNDING	0	0	0	
NL-0048	Clause	PROCUREMENT METHOD AND JUSTIFICATION	0	0	0	
NL-0049	Clause	RISK ASSESSMENT	0	0	0	
NL-0050	Clause	COMPLIANCE AND REGULATORY REQUIREMENTS	0	0	0	
NL-0051	Clause	EVALUATION CRITERIA	0	0	0	
NL-0065	HeaderNode		0	0	0	
NL-0066	Clause	INTRODUCTION	0	0	0	
NL-0070	Clause	SUBMISSION INSTRUCTIONS	0	0	0	
NL-0071	Clause	DESCRIPTION OF GOODS	0	0	0	
NL-0073	Clause	DELIVERY REQUIREMENTS	0	0	0	
NL-0074	Clause	PRICING	0	0	0	
NL-0075	Clause	EVALUATION CRITERIA	0	0	0	
NL-0076	Clause	TERMS & CONDITIONS (STANDARD TIER)	0	0	0	
