DEI-0000.docx,HeaderNode,dei
DEI-0002.docx,Clause,dei
DEI-0004.docx,Clause,dei
DEI-0006.docx,Clause,dei
DEI-0008.docx,Clause,dei
DEI-0010.docx,Clause,dei
DEI-0012.docx,Clause,dei
DEI-0014.docx,Clause,dei
DEI-0016.docx,Clause,dei
HAZ-0000.docx,HeaderNode,haz
HAZ-0002.docx,Clause,haz
HAZ-0004.docx,Clause,haz
HAZ-0006.docx,Clause,haz
HAZ-0008.docx,Clause,haz
HAZ-0010.docx,Clause,haz
HAZ-0012.docx,Clause,haz
HAZ-0014.docx,Clause,haz
HAZ-0016.docx,Clause,haz
HAZ-0018.docx,Clause,haz
HAZ-0020.docx,Clause,haz
HAZ-0022.docx,Clause,haz
NL-0163.docx,HeaderNode,awd-cplx
NL-0164.docx,Clause,awd-cplx
NL-0165.docx,Clause,awd-cplx
NL-0166.docx,Clause,awd-cplx
NL-0167.docx,Clause,awd-cplx
NL-0168.docx,Clause,awd-cplx
NL-0169.docx,Clause,awd-cplx
NL-0170.docx,Clause,awd-cplx
NL-0171.docx,Clause,awd-cplx
NL-0172.docx,Clause,awd-cplx
NL-0173.docx,Clause,awd-cplx
NL-0174.docx,Clause,awd-cplx
NL-0175.docx,Clause,awd-cplx
NL-0176.docx,Clause,awd-cplx
NL-0177.docx,Clause,awd-cplx
NL-0116.docx,HeaderNode,req-cplx
NL-0117.docx,Clause,req-cplx
NL-0118.docx,Clause,req-cplx
NL-0119.docx,Clause,req-cplx
NL-0120.docx,Clause,req-cplx
NL-0121.docx,Clause,req-cplx
NL-0122.docx,Clause,req-cplx
NL-0123.docx,Clause,req-cplx
NL-0124.docx,Clause,req-cplx
NL-0125.docx,Clause,req-cplx
NL-0126.docx,Clause,req-cplx
NL-0127.docx,Clause,req-cplx
NL-0139.docx,HeaderNode,sol-cplx
NL-0140.docx,Clause,sol-cplx
NL-0141.docx,Clause,sol-cplx
NL-0142.docx,Clause,sol-cplx
NL-0145.docx,Clause,sol-cplx
NL-0146.docx,Clause,sol-cplx
NL-0147.docx,Clause,sol-cplx
NL-0148.docx,Clause,sol-cplx
NL-0149.docx,Clause,sol-cplx
NL-0150.docx,Clause,sol-cplx
NL-0025.docx,HeaderNode,awd-micro
NL-0026.docx,Clause,awd-micro
NL-0027.docx,Clause,awd-micro
NL-0028.docx,Clause,awd-micro
NL-0029.docx,Clause,awd-micro
NL-0030.docx,Clause,awd-micro
NL-0031.docx,Clause,awd-micro
NL-0001.docx,HeaderNode,req-micro
NL-0002.docx,Clause,req-micro
NL-0003.docx,Clause,req-micro
NL-0004.docx,Clause,req-micro
NL-0005.docx,Clause,req-micro
NL-0006.docx,Clause,req-micro
NL-0007.docx,Clause,req-micro
NL-0014.docx,HeaderNode,sol-micro
NL-0015.docx,Clause,sol-micro
NL-0016.docx,Clause,sol-micro
NL-0017.docx,Clause,sol-micro
NL-0018.docx,Clause,sol-micro
NL-0019.docx,Clause,sol-micro
NL-0094.docx,HeaderNode,awd-std
NL-0095.docx,Clause,awd-std
NL-0096.docx,Clause,awd-std
NL-0097.docx,Clause,awd-std
NL-0098.docx,Clause,awd-std
NL-0099.docx,Clause,awd-std
NL-0102.docx,Clause,awd-std
NL-0103.docx,Clause,awd-std
NL-0104.docx,Clause,awd-std
NL-0038.docx,HeaderNode,req-std
NL-0039.docx,Clause,req-std
NL-0040.docx,Clause,req-std
NL-0041.docx,Clause,req-std
NL-0042.docx,Clause,req-std
NL-0043.docx,Clause,req-std
NL-0044.docx,Clause,req-std
NL-0045.docx,Clause,req-std
NL-0046.docx,Clause,req-std
NL-0047.docx,Clause,req-std
NL-0048.docx,Clause,req-std
NL-0049.docx,Clause,req-std
NL-0050.docx,Clause,req-std
NL-0051.docx,Clause,req-std
NL-0065.docx,HeaderNode,sol-std
NL-0066.docx,Clause,sol-std
NL-0070.docx,Clause,sol-std
NL-0071.docx,Clause,sol-std
NL-0073.docx,Clause,sol-std
NL-0074.docx,Clause,sol-std
NL-0075.docx,Clause,sol-std
NL-0076.docx,Clause,sol-std
